insert into department values("Computer Science", "2000-06-27", 100000.563, 50, 1100);
insert into department values("Mathematics", "2019-11-03", 50678.3654, 32, 500);


insert into student_authentication_info (department, academic_email, academic_password) values("Computer Science", "cs04109@uowm.gr", "12345");
insert into student_authentication_info (department, academic_email, academic_password) values("Computer Science", "cs04110@uowm.gr", "3463264");
insert into student_authentication_info (department, academic_email, academic_password) values("Computer Science", "cs04220@uowm.gr", "8795");
insert into student_authentication_info (department, academic_email, academic_password) values("Mathematics", "ms02030@uowm.gr", "fth36fg");
insert into student_authentication_info (department, academic_email, academic_password) values("Mathematics", "ms01140@uowm.gr", "gfrt1243");



insert into student_info values("281655144019", "4109", "Computer Science", "cs04109@uowm.gr", "giorgos@gmail.gr", "Giorgos", "Petrakis", 3, "6948931200");
insert into student_info values("571655593139", "4110", "Computer Science", "cs04110@uowm.gr", "nikos@hotmail.com", "Nikos", "Papastergiou", 3, "6937889200");
insert into student_info values("984452593139", "4220", "Computer Science", "cs04220@uowm.gr", "vaggelis@yahoo.com", "Vaggelis", "Mixailidis", 2, "6937980021");
insert into student_info values("572882393139", "2030", "Mathematics", "ms02030@uowm.gr", "dimitra@hotmail.com", "Dimitra", "Mixalaki", 2, "6956139200");
insert into student_info values("579992293139", "1140", "Mathematics", "ms01140@uowm.gr", "maria@gmail.com", "Maria", "Mpoutsiadou", 3, "6996782200");



